Gender,Audio Link
male,https://cdn.freesound.org/previews/744/744403_16149031-lq.mp3
male,https://cdn.freesound.org/previews/509/509880_9238038-lq.mp3
male,https://cdn.freesound.org/previews/464/464239_8472935-lq.mp3
male,https://cdn.freesound.org/previews/318/318088_5057106-lq.mp3
male,https://cdn.freesound.org/previews/718/718958_15107322-lq.mp3
male,https://cdn.freesound.org/previews/397/397457_2250423-lq.mp3
male,https://cdn.freesound.org/previews/667/667294_5086589-lq.mp3
male,https://cdn.freesound.org/previews/272/272029_5165013-lq.mp3
male,https://cdn.freesound.org/previews/558/558245_556505-lq.mp3
male,https://cdn.freesound.org/previews/547/547183_129727-lq.mp3
male,https://cdn.freesound.org/previews/205/205722_321967-lq.mp3
male,https://cdn.freesound.org/previews/760/760051_14570595-lq.mp3
male,https://cdn.freesound.org/previews/69/69205_321967-lq.mp3
male,https://cdn.freesound.org/previews/74/74794_1015240-lq.mp3
male,https://cdn.freesound.org/previews/366/366311_6038584-lq.mp3
male,https://cdn.freesound.org/previews/666/666215_13790859-lq.mp3
male,https://cdn.freesound.org/previews/254/254292_4062622-lq.mp3
male,https://cdn.freesound.org/previews/67/67703_37876-lq.mp3
male,https://cdn.freesound.org/previews/366/366335_6038584-lq.mp3
male,https://cdn.freesound.org/previews/246/246491_97763-lq.mp3
male,https://cdn.freesound.org/previews/191/191944_321967-lq.mp3
male,https://cdn.freesound.org/previews/407/407722_7113942-lq.mp3
male,https://cdn.freesound.org/previews/410/410979_7117781-lq.mp3
male,https://cdn.freesound.org/previews/594/594394_13209039-lq.mp3
male,https://cdn.freesound.org/previews/234/234929_1015240-lq.mp3
male,https://cdn.freesound.org/previews/407/407685_7113942-lq.mp3
male,https://cdn.freesound.org/previews/713/713070_15474178-lq.mp3
male,https://cdn.freesound.org/previews/0/80_23-lq.mp3
male,https://cdn.freesound.org/previews/410/410964_7117781-lq.mp3
male,https://cdn.freesound.org/previews/183/183180_321967-lq.mp3
male,https://cdn.freesound.org/previews/220/220423_321967-lq.mp3
male,https://cdn.freesound.org/previews/381/381389_321967-lq.mp3
male,https://cdn.freesound.org/previews/660/660766_5334162-lq.mp3
male,https://cdn.freesound.org/previews/366/366319_6038584-lq.mp3
male,https://cdn.freesound.org/previews/126/126169_8043-lq.mp3
male,https://cdn.freesound.org/previews/646/646651_13085623-lq.mp3
male,https://cdn.freesound.org/previews/351/351885_2863152-lq.mp3
male,https://cdn.freesound.org/previews/245/245836_321967-lq.mp3
male,https://cdn.freesound.org/previews/695/695392_7805242-lq.mp3
male,https://cdn.freesound.org/previews/765/765997_15688688-lq.mp3
male,https://cdn.freesound.org/previews/758/758822_15090270-lq.mp3
male,https://cdn.freesound.org/previews/774/774818_7621851-lq.mp3
male,https://cdn.freesound.org/previews/467/467869_321967-lq.mp3
male,https://cdn.freesound.org/previews/731/731512_15857333-lq.mp3
male,https://cdn.freesound.org/previews/650/650413_11990934-lq.mp3
male,https://cdn.freesound.org/previews/734/734002_3068429-lq.mp3
male,https://cdn.freesound.org/previews/407/407724_7113942-lq.mp3
male,https://cdn.freesound.org/previews/666/666322_12064174-lq.mp3
male,https://cdn.freesound.org/previews/702/702448_11940487-lq.mp3
male,https://cdn.freesound.org/previews/702/702450_11940487-lq.mp3
male,https://cdn.freesound.org/previews/338/338939_5859905-lq.mp3
male,https://cdn.freesound.org/previews/702/702449_11940487-lq.mp3
male,https://cdn.freesound.org/previews/542/542128_318949-lq.mp3
male,https://cdn.freesound.org/previews/711/711523_10761583-lq.mp3
male,https://cdn.freesound.org/previews/762/762306_16506406-lq.mp3
male,https://cdn.freesound.org/previews/450/450528_763327-lq.mp3
male,https://cdn.freesound.org/previews/646/646654_13085623-lq.mp3
male,https://cdn.freesound.org/previews/711/711858_10323256-lq.mp3
male,https://cdn.freesound.org/previews/758/758235_16360153-lq.mp3
male,https://cdn.freesound.org/previews/17/17115_137-lq.mp3
male,https://cdn.freesound.org/previews/17/17119_137-lq.mp3
male,https://cdn.freesound.org/previews/8/8631_58-lq.mp3
male,https://cdn.freesound.org/previews/3/3812_4948-lq.mp3
male,https://cdn.freesound.org/previews/29/29616_118241-lq.mp3
male,https://cdn.freesound.org/previews/15/15291_33253-lq.mp3
male,https://cdn.freesound.org/previews/73/73147_1062601-lq.mp3
male,https://cdn.freesound.org/previews/727/727512_15789820-lq.mp3
male,https://cdn.freesound.org/previews/695/695382_7805242-lq.mp3
male,https://cdn.freesound.org/previews/695/695383_7805242-lq.mp3
male,https://cdn.freesound.org/previews/767/767044_15764451-lq.mp3
male,https://cdn.freesound.org/previews/9/9547_13258-lq.mp3
male,https://cdn.freesound.org/previews/646/646655_13085623-lq.mp3
male,https://cdn.freesound.org/previews/184/184951_1325505-lq.mp3
male,https://cdn.freesound.org/previews/712/712113_10323256-lq.mp3
male,https://cdn.freesound.org/previews/713/713071_15474178-lq.mp3
male,https://cdn.freesound.org/previews/156/156843_937808-lq.mp3
male,https://cdn.freesound.org/previews/613/613435_13483680-lq.mp3
male,https://cdn.freesound.org/previews/166/166155_2104797-lq.mp3
male,https://cdn.freesound.org/previews/646/646652_13085623-lq.mp3
male,https://cdn.freesound.org/previews/132/132294_2367413-lq.mp3
male,https://cdn.freesound.org/previews/180/180300_2888453-lq.mp3
male,https://cdn.freesound.org/previews/170/170491_3099884-lq.mp3
male,https://cdn.freesound.org/previews/170/170566_3099884-lq.mp3
male,https://cdn.freesound.org/previews/170/170319_3099884-lq.mp3
male,https://cdn.freesound.org/previews/170/170321_3099884-lq.mp3
male,https://cdn.freesound.org/previews/72/72956_1095496-lq.mp3
male,https://cdn.freesound.org/previews/76/76366_43834-lq.mp3
male,https://cdn.freesound.org/previews/85/85553_1275441-lq.mp3
male,https://cdn.freesound.org/previews/63/63352_8043-lq.mp3
male,https://cdn.freesound.org/previews/69/69248_18799-lq.mp3
male,https://cdn.freesound.org/previews/713/713068_15474178-lq.mp3
male,https://cdn.freesound.org/previews/703/703108_13280645-lq.mp3
male,https://cdn.freesound.org/previews/211/211197_383077-lq.mp3
male,https://cdn.freesound.org/previews/211/211609_71257-lq.mp3
male,https://cdn.freesound.org/previews/210/210594_71257-lq.mp3
male,https://cdn.freesound.org/previews/695/695377_7805242-lq.mp3
male,https://cdn.freesound.org/previews/695/695390_7805242-lq.mp3
male,https://cdn.freesound.org/previews/170/170581_3099884-lq.mp3
male,https://cdn.freesound.org/previews/713/713067_15474178-lq.mp3
male,https://cdn.freesound.org/previews/727/727591_8414569-lq.mp3
male,https://cdn.freesound.org/previews/428/428137_5121236-lq.mp3
male,https://cdn.freesound.org/previews/413/413715_6916324-lq.mp3
male,https://cdn.freesound.org/previews/419/419778_8371140-lq.mp3
male,https://cdn.freesound.org/previews/407/407723_7113942-lq.mp3
male,https://cdn.freesound.org/previews/340/340365_5205523-lq.mp3
male,https://cdn.freesound.org/previews/657/657761_9034501-lq.mp3
male,https://cdn.freesound.org/previews/161/161521_2844613-lq.mp3
male,https://cdn.freesound.org/previews/476/476466_10166948-lq.mp3
male,https://cdn.freesound.org/previews/410/410865_3102860-lq.mp3
male,https://cdn.freesound.org/previews/410/410969_7117781-lq.mp3
male,https://cdn.freesound.org/previews/469/469602_2927958-lq.mp3
male,https://cdn.freesound.org/previews/485/485938_1840168-lq.mp3
male,https://cdn.freesound.org/previews/482/482790_2524442-lq.mp3
male,https://cdn.freesound.org/previews/254/254869_173571-lq.mp3
male,https://cdn.freesound.org/previews/346/346932_1303681-lq.mp3
male,https://cdn.freesound.org/previews/85/85552_1275441-lq.mp3
male,https://cdn.freesound.org/previews/344/344407_4986214-lq.mp3
male,https://cdn.freesound.org/previews/467/467956_9786444-lq.mp3
male,https://cdn.freesound.org/previews/467/467965_8598233-lq.mp3
male,https://cdn.freesound.org/previews/469/469039_2639035-lq.mp3
male,https://cdn.freesound.org/previews/469/469122_4996003-lq.mp3
male,https://cdn.freesound.org/previews/442/442716_3304981-lq.mp3
male,https://cdn.freesound.org/previews/439/439496_6470379-lq.mp3
male,https://cdn.freesound.org/previews/444/444726_318949-lq.mp3
male,https://cdn.freesound.org/previews/432/432858_2188-lq.mp3
male,https://cdn.freesound.org/previews/408/408735_7118586-lq.mp3
male,https://cdn.freesound.org/previews/712/712213_10323256-lq.mp3
male,https://cdn.freesound.org/previews/474/474650_9250976-lq.mp3
male,https://cdn.freesound.org/previews/473/473867_10005243-lq.mp3
male,https://cdn.freesound.org/previews/464/464485_4814007-lq.mp3
male,https://cdn.freesound.org/previews/464/464486_4814007-lq.mp3
male,https://cdn.freesound.org/previews/464/464487_4814007-lq.mp3
male,https://cdn.freesound.org/previews/464/464620_7787874-lq.mp3
male,https://cdn.freesound.org/previews/464/464676_7358035-lq.mp3
male,https://cdn.freesound.org/previews/464/464677_7358035-lq.mp3
male,https://cdn.freesound.org/previews/464/464678_7358035-lq.mp3
male,https://cdn.freesound.org/previews/464/464679_7358035-lq.mp3
male,https://cdn.freesound.org/previews/464/464680_7358035-lq.mp3
male,https://cdn.freesound.org/previews/464/464681_7358035-lq.mp3
male,https://cdn.freesound.org/previews/464/464684_7358035-lq.mp3
male,https://cdn.freesound.org/previews/464/464685_7358035-lq.mp3
male,https://cdn.freesound.org/previews/507/507717_6414782-lq.mp3
male,https://cdn.freesound.org/previews/651/651684_13938177-lq.mp3
male,https://cdn.freesound.org/previews/173/173944_3229685-lq.mp3
male,https://cdn.freesound.org/previews/243/243376_3229685-lq.mp3
male,https://cdn.freesound.org/previews/594/594410_13209039-lq.mp3
male,https://cdn.freesound.org/previews/369/369908_6627281-lq.mp3
male,https://cdn.freesound.org/previews/369/369913_6627281-lq.mp3
male,https://cdn.freesound.org/previews/198/198302_1648170-lq.mp3
male,https://cdn.freesound.org/previews/341/341507_5871007-lq.mp3
male,https://cdn.freesound.org/previews/338/338111_1480854-lq.mp3
male,https://cdn.freesound.org/previews/336/336540_1738686-lq.mp3
male,https://cdn.freesound.org/previews/340/340281_5769530-lq.mp3
male,https://cdn.freesound.org/previews/329/329698_4913718-lq.mp3
male,https://cdn.freesound.org/previews/150/150442_1480854-lq.mp3
male,https://cdn.freesound.org/previews/159/159388_1325505-lq.mp3
male,https://cdn.freesound.org/previews/371/371165_6399962-lq.mp3
male,https://cdn.freesound.org/previews/380/380339_3399958-lq.mp3
male,https://cdn.freesound.org/previews/345/345088_1256155-lq.mp3
male,https://cdn.freesound.org/previews/646/646653_13085623-lq.mp3
male,https://cdn.freesound.org/previews/646/646657_13085623-lq.mp3
male,https://cdn.freesound.org/previews/343/343412_6111376-lq.mp3
male,https://cdn.freesound.org/previews/767/767045_15764451-lq.mp3
male,https://cdn.freesound.org/previews/394/394231_1847127-lq.mp3
male,https://cdn.freesound.org/previews/391/391299_2344889-lq.mp3
male,https://cdn.freesound.org/previews/389/389182_7268131-lq.mp3
male,https://cdn.freesound.org/previews/396/396798_2389125-lq.mp3
male,https://cdn.freesound.org/previews/90/90790_1437582-lq.mp3
male,https://cdn.freesound.org/previews/695/695381_7805242-lq.mp3
male,https://cdn.freesound.org/previews/406/406673_6660506-lq.mp3
male,https://cdn.freesound.org/previews/407/407700_7113942-lq.mp3
male,https://cdn.freesound.org/previews/240/240139_729251-lq.mp3
male,https://cdn.freesound.org/previews/643/643670_12064174-lq.mp3
male,https://cdn.freesound.org/previews/235/235682_904588-lq.mp3
male,https://cdn.freesound.org/previews/235/235691_4028851-lq.mp3
male,https://cdn.freesound.org/previews/222/222529_3554191-lq.mp3
male,https://cdn.freesound.org/previews/222/222530_3554191-lq.mp3
male,https://cdn.freesound.org/previews/222/222532_3554191-lq.mp3
male,https://cdn.freesound.org/previews/222/222533_3554191-lq.mp3
male,https://cdn.freesound.org/previews/222/222534_3554191-lq.mp3
male,https://cdn.freesound.org/previews/222/222535_3554191-lq.mp3
male,https://cdn.freesound.org/previews/490/490729_9624086-lq.mp3
male,https://cdn.freesound.org/previews/233/233579_1908332-lq.mp3
male,https://cdn.freesound.org/previews/220/220286_4102374-lq.mp3
male,https://cdn.freesound.org/previews/219/219654_4092389-lq.mp3
male,https://cdn.freesound.org/previews/646/646656_13085623-lq.mp3
male,https://cdn.freesound.org/previews/264/264305_3543558-lq.mp3
male,https://cdn.freesound.org/previews/252/252712_2713464-lq.mp3
male,https://cdn.freesound.org/previews/255/255805_4754386-lq.mp3
male,https://cdn.freesound.org/previews/249/249765_1358383-lq.mp3
male,https://cdn.freesound.org/previews/198/198005_1701082-lq.mp3
male,https://cdn.freesound.org/previews/202/202606_2844404-lq.mp3
male,https://cdn.freesound.org/previews/203/203719_34188-lq.mp3
male,https://cdn.freesound.org/previews/737/737371_6771395-lq.mp3
male,https://cdn.freesound.org/previews/270/270446_5123851-lq.mp3
male,https://cdn.freesound.org/previews/719/719106_11244040-lq.mp3
male,https://cdn.freesound.org/previews/538/538413_8292597-lq.mp3
male,https://cdn.freesound.org/previews/445/445333_8335964-lq.mp3
male,https://cdn.freesound.org/previews/523/523985_11606638-lq.mp3
male,https://cdn.freesound.org/previews/529/529817_10761583-lq.mp3
male,https://cdn.freesound.org/previews/530/530227_10367296-lq.mp3
male,https://cdn.freesound.org/previews/524/524558_10946071-lq.mp3
male,https://cdn.freesound.org/previews/580/580971_3138820-lq.mp3
male,https://cdn.freesound.org/previews/683/683375_5287430-lq.mp3
male,https://cdn.freesound.org/previews/573/573303_4789127-lq.mp3
male,https://cdn.freesound.org/previews/203/203335_2027003-lq.mp3
male,https://cdn.freesound.org/previews/643/643665_12064174-lq.mp3
male,https://cdn.freesound.org/previews/530/530471_84709-lq.mp3
male,https://cdn.freesound.org/previews/256/256603_2276808-lq.mp3
male,https://cdn.freesound.org/previews/581/581837_5828667-lq.mp3
male,https://cdn.freesound.org/previews/506/506336_8612238-lq.mp3
male,https://cdn.freesound.org/previews/467/467363_8477872-lq.mp3
male,https://cdn.freesound.org/previews/553/553071_2061858-lq.mp3
male,https://cdn.freesound.org/previews/389/389998_6987210-lq.mp3
male,https://cdn.freesound.org/previews/554/554307_10081166-lq.mp3
male,https://cdn.freesound.org/previews/547/547126_12187300-lq.mp3
male,https://cdn.freesound.org/previews/545/545203_3036029-lq.mp3
male,https://cdn.freesound.org/previews/695/695391_7805242-lq.mp3
male,https://cdn.freesound.org/previews/612/612934_10727475-lq.mp3
male,https://cdn.freesound.org/previews/610/610991_1038806-lq.mp3
male,https://cdn.freesound.org/previews/611/611480_7864610-lq.mp3
male,https://cdn.freesound.org/previews/609/609920_3562198-lq.mp3
male,https://cdn.freesound.org/previews/712/712116_10323256-lq.mp3
male,https://cdn.freesound.org/previews/407/407359_7113943-lq.mp3
male,https://cdn.freesound.org/previews/407/407687_7113942-lq.mp3
male,https://cdn.freesound.org/previews/625/625874_6978610-lq.mp3
male,https://cdn.freesound.org/previews/713/713069_15474178-lq.mp3
male,https://cdn.freesound.org/previews/511/511023_1484610-lq.mp3
male,https://cdn.freesound.org/previews/614/614417_11418394-lq.mp3
male,https://cdn.freesound.org/previews/272/272031_5165013-lq.mp3
male,https://cdn.freesound.org/previews/632/632241_13682949-lq.mp3
male,https://cdn.freesound.org/previews/732/732803_6890478-lq.mp3
male,https://cdn.freesound.org/previews/622/622233_2282212-lq.mp3
male,https://cdn.freesound.org/previews/695/695378_7805242-lq.mp3
male,https://cdn.freesound.org/previews/695/695385_7805242-lq.mp3
male,https://cdn.freesound.org/previews/695/695386_7805242-lq.mp3
male,https://cdn.freesound.org/previews/695/695388_7805242-lq.mp3
male,https://cdn.freesound.org/previews/695/695389_7805242-lq.mp3
male,https://cdn.freesound.org/previews/433/433894_1648170-lq.mp3
male,https://cdn.freesound.org/previews/686/686627_13137374-lq.mp3
male,https://cdn.freesound.org/previews/686/686628_13137374-lq.mp3
male,https://cdn.freesound.org/previews/486/486465_3482490-lq.mp3
male,https://cdn.freesound.org/previews/150/150444_1480854-lq.mp3
male,https://cdn.freesound.org/previews/174/174625_71257-lq.mp3
male,https://cdn.freesound.org/previews/262/262279_4902403-lq.mp3
male,https://cdn.freesound.org/previews/343/343411_6111376-lq.mp3
male,https://cdn.freesound.org/previews/767/767046_15764451-lq.mp3
male,https://cdn.freesound.org/previews/144/144907_892689-lq.mp3
male,https://cdn.freesound.org/previews/9/9432_13258-lq.mp3
male,https://cdn.freesound.org/previews/432/432170_2273357-lq.mp3
male,https://cdn.freesound.org/previews/720/720133_14219512-lq.mp3
male,https://cdn.freesound.org/previews/657/657924_9034501-lq.mp3
male,https://cdn.freesound.org/previews/85/85554_1275441-lq.mp3
male,https://cdn.freesound.org/previews/695/695379_7805242-lq.mp3
male,https://cdn.freesound.org/previews/428/428635_4687265-lq.mp3
male,https://cdn.freesound.org/previews/559/559601_11490791-lq.mp3
male,https://cdn.freesound.org/previews/395/395828_4385633-lq.mp3
male,https://cdn.freesound.org/previews/410/410864_3102860-lq.mp3
male,https://cdn.freesound.org/previews/118/118116_2123345-lq.mp3
male,https://cdn.freesound.org/previews/420/420932_3890135-lq.mp3
male,https://cdn.freesound.org/previews/327/327137_43-lq.mp3
male,https://cdn.freesound.org/previews/316/316690_5354486-lq.mp3
male,https://cdn.freesound.org/previews/222/222624_925943-lq.mp3
male,https://cdn.freesound.org/previews/118/118106_2123345-lq.mp3
male,https://cdn.freesound.org/previews/173/173942_3229685-lq.mp3
male,https://cdn.freesound.org/previews/654/654127_13800172-lq.mp3
male,https://cdn.freesound.org/previews/687/687017_321967-lq.mp3
male,https://cdn.freesound.org/previews/173/173945_3229685-lq.mp3
male,https://cdn.freesound.org/previews/427/427972_4687265-lq.mp3
male,https://cdn.freesound.org/previews/129/129346_1467945-lq.mp3
male,https://cdn.freesound.org/previews/695/695376_7805242-lq.mp3
male,https://cdn.freesound.org/previews/695/695380_7805242-lq.mp3
male,https://cdn.freesound.org/previews/695/695384_7805242-lq.mp3
male,https://cdn.freesound.org/previews/695/695387_7805242-lq.mp3
male,https://cdn.freesound.org/previews/366/366009_6097925-lq.mp3
male,https://cdn.freesound.org/previews/170/170502_1480854-lq.mp3
male,https://cdn.freesound.org/previews/170/170501_1480854-lq.mp3
male,https://cdn.freesound.org/previews/219/219073_1325505-lq.mp3
male,https://cdn.freesound.org/previews/197/197401_1480854-lq.mp3
male,https://cdn.freesound.org/previews/553/553387_12369649-lq.mp3
male,https://cdn.freesound.org/previews/556/556976_12497831-lq.mp3
male,https://cdn.freesound.org/previews/112/112208_1931314-lq.mp3
male,https://cdn.freesound.org/previews/102/102546_321967-lq.mp3
male,https://cdn.freesound.org/previews/684/684677_3704754-lq.mp3
male,https://cdn.freesound.org/previews/7/7551_5697-lq.mp3
male,https://cdn.freesound.org/previews/755/755462_14913888-lq.mp3
male,https://cdn.freesound.org/previews/666/666083_14580252-lq.mp3
male,https://cdn.freesound.org/previews/666/666132_14578085-lq.mp3
male,https://cdn.freesound.org/previews/719/719770_13280645-lq.mp3
male,https://cdn.freesound.org/previews/263/263942_1648170-lq.mp3
male,https://cdn.freesound.org/previews/112/112206_1931314-lq.mp3
male,https://cdn.freesound.org/previews/404/404384_7122733-lq.mp3
male,https://cdn.freesound.org/previews/87/87014_412373-lq.mp3
male,https://cdn.freesound.org/previews/173/173844_2035047-lq.mp3
male,https://cdn.freesound.org/previews/82/82394_1015240-lq.mp3
male,https://cdn.freesound.org/previews/158/158619_450294-lq.mp3
male,https://cdn.freesound.org/previews/182/182498_3396866-lq.mp3
male,https://cdn.freesound.org/previews/188/188236_1015240-lq.mp3
male,https://cdn.freesound.org/previews/343/343372_651383-lq.mp3
male,https://cdn.freesound.org/previews/393/393268_7067533-lq.mp3
male,https://cdn.freesound.org/previews/116/116793_1015240-lq.mp3
male,https://cdn.freesound.org/previews/366/366229_6121704-lq.mp3
male,https://cdn.freesound.org/previews/352/352747_3110783-lq.mp3
male,https://cdn.freesound.org/previews/737/737209_2397507-lq.mp3
male,https://cdn.freesound.org/previews/750/750753_16200333-lq.mp3
male,https://cdn.freesound.org/previews/74/74696_1015240-lq.mp3
male,https://cdn.freesound.org/previews/165/165482_1015240-lq.mp3
male,https://cdn.freesound.org/previews/170/170004_2962530-lq.mp3
male,https://cdn.freesound.org/previews/366/366347_6038584-lq.mp3
male,https://cdn.freesound.org/previews/327/327656_5655138-lq.mp3
male,https://cdn.freesound.org/previews/404/404393_7122733-lq.mp3
male,https://cdn.freesound.org/previews/111/111054_1015240-lq.mp3
male,https://cdn.freesound.org/previews/699/699927_15173053-lq.mp3
male,https://cdn.freesound.org/previews/331/331242_2975543-lq.mp3
male,https://cdn.freesound.org/previews/400/400890_5519877-lq.mp3
male,https://cdn.freesound.org/previews/450/450510_2224308-lq.mp3
male,https://cdn.freesound.org/previews/703/703105_13280645-lq.mp3
male,https://cdn.freesound.org/previews/678/678387_14339611-lq.mp3
male,https://cdn.freesound.org/previews/126/126536_1015240-lq.mp3
male,https://cdn.freesound.org/previews/326/326336_5519877-lq.mp3
male,https://cdn.freesound.org/previews/702/702789_14145410-lq.mp3
male,https://cdn.freesound.org/previews/126/126535_1015240-lq.mp3
male,https://cdn.freesound.org/previews/126/126257_49369-lq.mp3
male,https://cdn.freesound.org/previews/115/115083_988961-lq.mp3
male,https://cdn.freesound.org/previews/167/167554_2962530-lq.mp3
male,https://cdn.freesound.org/previews/201/201311_2962530-lq.mp3
male,https://cdn.freesound.org/previews/147/147827_940514-lq.mp3
male,https://cdn.freesound.org/previews/371/371697_177850-lq.mp3
male,https://cdn.freesound.org/previews/547/547581_2591153-lq.mp3
male,https://cdn.freesound.org/previews/693/693273_1648170-lq.mp3
male,https://cdn.freesound.org/previews/179/179270_2962530-lq.mp3
male,https://cdn.freesound.org/previews/173/173845_2035047-lq.mp3
male,https://cdn.freesound.org/previews/126/126001_2287316-lq.mp3
male,https://cdn.freesound.org/previews/94/94195_1015240-lq.mp3
male,https://cdn.freesound.org/previews/697/697737_340588-lq.mp3
male,https://cdn.freesound.org/previews/256/256883_4486188-lq.mp3
male,https://cdn.freesound.org/previews/737/737207_2397507-lq.mp3
male,https://cdn.freesound.org/previews/257/257705_4028838-lq.mp3
male,https://cdn.freesound.org/previews/49/49018_32572-lq.mp3
male,https://cdn.freesound.org/previews/691/691813_15064257-lq.mp3
male,https://cdn.freesound.org/previews/670/670859_14597423-lq.mp3
male,https://cdn.freesound.org/previews/738/738780_13973196-lq.mp3
male,https://cdn.freesound.org/previews/592/592595_13357705-lq.mp3
male,https://cdn.freesound.org/previews/778/778234_16724042-lq.mp3
male,https://cdn.freesound.org/previews/778/778241_16724042-lq.mp3
male,https://cdn.freesound.org/previews/778/778242_16724042-lq.mp3
male,https://cdn.freesound.org/previews/778/778243_16724042-lq.mp3
male,https://cdn.freesound.org/previews/778/778244_16724042-lq.mp3
male,https://cdn.freesound.org/previews/778/778245_16724042-lq.mp3
male,https://cdn.freesound.org/previews/778/778246_16724042-lq.mp3
male,https://cdn.freesound.org/previews/778/778248_16724042-lq.mp3
male,https://cdn.freesound.org/previews/778/778249_16724042-lq.mp3
male,https://cdn.freesound.org/previews/778/778280_16724042-lq.mp3
male,https://cdn.freesound.org/previews/778/778281_16724042-lq.mp3
male,https://cdn.freesound.org/previews/778/778283_16724042-lq.mp3
male,https://cdn.freesound.org/previews/778/778284_16724042-lq.mp3
male,https://cdn.freesound.org/previews/778/778289_16724042-lq.mp3
male,https://cdn.freesound.org/previews/778/778290_16724042-lq.mp3
male,https://cdn.freesound.org/previews/778/778292_16724042-lq.mp3
male,https://cdn.freesound.org/previews/778/778294_16724042-lq.mp3
male,https://cdn.freesound.org/previews/778/778295_16724042-lq.mp3
male,https://cdn.freesound.org/previews/19/19429_75486-lq.mp3
male,https://cdn.freesound.org/previews/729/729310_10497906-lq.mp3
male,https://cdn.freesound.org/previews/165/165483_1015240-lq.mp3
male,https://cdn.freesound.org/previews/729/729312_10497906-lq.mp3
male,https://cdn.freesound.org/previews/97/97755_1015240-lq.mp3
male,https://cdn.freesound.org/previews/255/255316_4157918-lq.mp3
male,https://cdn.freesound.org/previews/704/704718_15276587-lq.mp3
male,https://cdn.freesound.org/previews/661/661669_4898018-lq.mp3
male,https://cdn.freesound.org/previews/778/778279_16724042-lq.mp3
male,https://cdn.freesound.org/previews/778/778238_16724042-lq.mp3
male,https://cdn.freesound.org/previews/778/778237_16724042-lq.mp3
male,https://cdn.freesound.org/previews/696/696186_8043-lq.mp3
male,https://cdn.freesound.org/previews/731/731777_15884263-lq.mp3
male,https://cdn.freesound.org/previews/778/778287_16724042-lq.mp3
male,https://cdn.freesound.org/previews/366/366784_6038567-lq.mp3
male,https://cdn.freesound.org/previews/725/725684_2397507-lq.mp3
male,https://cdn.freesound.org/previews/778/778252_16724042-lq.mp3
male,https://cdn.freesound.org/previews/678/678192_2243933-lq.mp3
male,https://cdn.freesound.org/previews/255/255315_4157918-lq.mp3
male,https://cdn.freesound.org/previews/365/365825_5949557-lq.mp3
male,https://cdn.freesound.org/previews/778/778276_16724042-lq.mp3
male,https://cdn.freesound.org/previews/318/318831_2975543-lq.mp3
male,https://cdn.freesound.org/previews/778/778236_16724042-lq.mp3
male,https://cdn.freesound.org/previews/778/778240_16724042-lq.mp3
male,https://cdn.freesound.org/previews/778/778253_16724042-lq.mp3
male,https://cdn.freesound.org/previews/257/257710_4028838-lq.mp3
male,https://cdn.freesound.org/previews/691/691371_1648170-lq.mp3
male,https://cdn.freesound.org/previews/640/640734_13590673-lq.mp3
male,https://cdn.freesound.org/previews/778/778250_16724042-lq.mp3
male,https://cdn.freesound.org/previews/761/761638_7455632-lq.mp3
male,https://cdn.freesound.org/previews/778/778247_16724042-lq.mp3
male,https://cdn.freesound.org/previews/28/28452_7037-lq.mp3
male,https://cdn.freesound.org/previews/26/26456_186469-lq.mp3
male,https://cdn.freesound.org/previews/14/14528_37253-lq.mp3
male,https://cdn.freesound.org/previews/2/2161_1198-lq.mp3
male,https://cdn.freesound.org/previews/0/945_801-lq.mp3
male,https://cdn.freesound.org/previews/4/4068_4948-lq.mp3
male,https://cdn.freesound.org/previews/33/33699_8043-lq.mp3
male,https://cdn.freesound.org/previews/30/30447_236077-lq.mp3
male,https://cdn.freesound.org/previews/9/9660_13258-lq.mp3
male,https://cdn.freesound.org/previews/48/48982_120830-lq.mp3
male,https://cdn.freesound.org/previews/257/257691_4028838-lq.mp3
male,https://cdn.freesound.org/previews/20/20011_91556-lq.mp3
male,https://cdn.freesound.org/previews/23/23235_8043-lq.mp3
male,https://cdn.freesound.org/previews/23/23344_136258-lq.mp3
male,https://cdn.freesound.org/previews/19/19750_600-lq.mp3
male,https://cdn.freesound.org/previews/36/36563_8043-lq.mp3
male,https://cdn.freesound.org/previews/59/59324_31028-lq.mp3
male,https://cdn.freesound.org/previews/61/61128_751763-lq.mp3
male,https://cdn.freesound.org/previews/61/61572_47306-lq.mp3
male,https://cdn.freesound.org/previews/61/61577_415604-lq.mp3
male,https://cdn.freesound.org/previews/62/62867_832398-lq.mp3
male,https://cdn.freesound.org/previews/61/61707_8043-lq.mp3
male,https://cdn.freesound.org/previews/778/778239_16724042-lq.mp3
male,https://cdn.freesound.org/previews/703/703352_6304966-lq.mp3
male,https://cdn.freesound.org/previews/53/53044_8043-lq.mp3
male,https://cdn.freesound.org/previews/53/53462_8043-lq.mp3
male,https://cdn.freesound.org/previews/53/53466_8043-lq.mp3
male,https://cdn.freesound.org/previews/50/50383_556708-lq.mp3
male,https://cdn.freesound.org/previews/667/667409_11605155-lq.mp3
male,https://cdn.freesound.org/previews/676/676786_1648170-lq.mp3
male,https://cdn.freesound.org/previews/729/729311_10497906-lq.mp3
male,https://cdn.freesound.org/previews/47/47256_502866-lq.mp3
male,https://cdn.freesound.org/previews/47/47345_502866-lq.mp3
male,https://cdn.freesound.org/previews/46/46082_502866-lq.mp3
male,https://cdn.freesound.org/previews/46/46363_502866-lq.mp3
male,https://cdn.freesound.org/previews/46/46010_502866-lq.mp3
male,https://cdn.freesound.org/previews/46/46011_502866-lq.mp3
male,https://cdn.freesound.org/previews/45/45365_502866-lq.mp3
male,https://cdn.freesound.org/previews/45/45924_8043-lq.mp3
male,https://cdn.freesound.org/previews/33/33472_199517-lq.mp3
male,https://cdn.freesound.org/previews/32/32259_273519-lq.mp3
male,https://cdn.freesound.org/previews/427/427365_2188-lq.mp3
male,https://cdn.freesound.org/previews/676/676382_10165475-lq.mp3
female,https://cdn.freesound.org/previews/721/721137_12467243-lq.mp3
female,https://cdn.freesound.org/previews/148/148795_1480854-lq.mp3
female,https://cdn.freesound.org/previews/143/143656_1764773-lq.mp3
female,https://cdn.freesound.org/previews/511/511174_8200309-lq.mp3
female,https://cdn.freesound.org/previews/509/509882_9238038-lq.mp3
female,https://cdn.freesound.org/previews/315/315849_4557960-lq.mp3
female,https://cdn.freesound.org/previews/439/439516_8053402-lq.mp3
female,https://cdn.freesound.org/previews/432/432356_5497893-lq.mp3
female,https://cdn.freesound.org/previews/218/218291_1480854-lq.mp3
female,https://cdn.freesound.org/previews/565/565696_7826872-lq.mp3
female,https://cdn.freesound.org/previews/565/565940_6325950-lq.mp3
female,https://cdn.freesound.org/previews/577/577969_12923717-lq.mp3
female,https://cdn.freesound.org/previews/610/610090_13509537-lq.mp3
female,https://cdn.freesound.org/previews/628/628817_1690102-lq.mp3
female,https://cdn.freesound.org/previews/318/318078_5057106-lq.mp3
female,https://cdn.freesound.org/previews/141/141467_2566858-lq.mp3
female,https://cdn.freesound.org/previews/467/467283_9895957-lq.mp3
female,https://cdn.freesound.org/previews/418/418422_8201757-lq.mp3
female,https://cdn.freesound.org/previews/681/681664_11791687-lq.mp3
female,https://cdn.freesound.org/previews/82/82484_1015240-lq.mp3
female,https://cdn.freesound.org/previews/257/257377_4799742-lq.mp3
female,https://cdn.freesound.org/previews/34/34210_37876-lq.mp3
female,https://cdn.freesound.org/previews/436/436625_5140792-lq.mp3
female,https://cdn.freesound.org/previews/447/447599_8287405-lq.mp3
female,https://cdn.freesound.org/previews/655/655104_13727638-lq.mp3
female,https://cdn.freesound.org/previews/407/407494_7126410-lq.mp3
female,https://cdn.freesound.org/previews/126/126168_8043-lq.mp3
female,https://cdn.freesound.org/previews/407/407675_7117774-lq.mp3
female,https://cdn.freesound.org/previews/669/669878_12064174-lq.mp3
female,https://cdn.freesound.org/previews/766/766071_15688688-lq.mp3
female,https://cdn.freesound.org/previews/669/669879_12064174-lq.mp3
female,https://cdn.freesound.org/previews/92/92000_1015240-lq.mp3
female,https://cdn.freesound.org/previews/650/650942_14296532-lq.mp3
female,https://cdn.freesound.org/previews/690/690465_1661766-lq.mp3
female,https://cdn.freesound.org/previews/194/194300_3210398-lq.mp3
female,https://cdn.freesound.org/previews/651/651683_13938177-lq.mp3
female,https://cdn.freesound.org/previews/683/683373_5287430-lq.mp3
female,https://cdn.freesound.org/previews/17/17115_137-lq.mp3
female,https://cdn.freesound.org/previews/26/26325_95657-lq.mp3
female,https://cdn.freesound.org/previews/4/4051_4948-lq.mp3
female,https://cdn.freesound.org/previews/3/3800_4948-lq.mp3
female,https://cdn.freesound.org/previews/41/41457_14771-lq.mp3
female,https://cdn.freesound.org/previews/695/695626_13339878-lq.mp3
female,https://cdn.freesound.org/previews/42/42205_84709-lq.mp3
female,https://cdn.freesound.org/previews/45/45923_8043-lq.mp3
female,https://cdn.freesound.org/previews/653/653966_14360535-lq.mp3
female,https://cdn.freesound.org/previews/650/650405_11990934-lq.mp3
female,https://cdn.freesound.org/previews/92/92406_14771-lq.mp3
female,https://cdn.freesound.org/previews/156/156844_937808-lq.mp3
female,https://cdn.freesound.org/previews/145/145183_1274078-lq.mp3
female,https://cdn.freesound.org/previews/164/164604_2982740-lq.mp3
female,https://cdn.freesound.org/previews/172/172006_1122547-lq.mp3
female,https://cdn.freesound.org/previews/173/173617_344424-lq.mp3
female,https://cdn.freesound.org/previews/169/169196_1587259-lq.mp3
female,https://cdn.freesound.org/previews/169/169343_3103974-lq.mp3
female,https://cdn.freesound.org/previews/170/170492_3099884-lq.mp3
female,https://cdn.freesound.org/previews/170/170493_3099884-lq.mp3
female,https://cdn.freesound.org/previews/170/170494_3099884-lq.mp3
female,https://cdn.freesound.org/previews/88/88651_969556-lq.mp3
female,https://cdn.freesound.org/previews/72/72955_1095496-lq.mp3
female,https://cdn.freesound.org/previews/90/90416_717853-lq.mp3
female,https://cdn.freesound.org/previews/65/65308_859145-lq.mp3
female,https://cdn.freesound.org/previews/63/63351_8043-lq.mp3
female,https://cdn.freesound.org/previews/93/93775_1441763-lq.mp3
female,https://cdn.freesound.org/previews/669/669619_12064174-lq.mp3
female,https://cdn.freesound.org/previews/110/110687_8043-lq.mp3
female,https://cdn.freesound.org/previews/213/213284_1118942-lq.mp3
female,https://cdn.freesound.org/previews/259/259959_97763-lq.mp3
female,https://cdn.freesound.org/previews/82/82401_1276308-lq.mp3
female,https://cdn.freesound.org/previews/504/504967_10089976-lq.mp3
female,https://cdn.freesound.org/previews/516/516897_11324659-lq.mp3
female,https://cdn.freesound.org/previews/518/518993_4436626-lq.mp3
female,https://cdn.freesound.org/previews/428/428071_8651259-lq.mp3
female,https://cdn.freesound.org/previews/428/428072_8651259-lq.mp3
female,https://cdn.freesound.org/previews/427/427195_8176931-lq.mp3
female,https://cdn.freesound.org/previews/422/422542_7257196-lq.mp3
female,https://cdn.freesound.org/previews/426/426271_4653215-lq.mp3
female,https://cdn.freesound.org/previews/418/418339_8017110-lq.mp3
female,https://cdn.freesound.org/previews/419/419342_8176931-lq.mp3
female,https://cdn.freesound.org/previews/419/419343_8176931-lq.mp3
female,https://cdn.freesound.org/previews/419/419418_8270480-lq.mp3
female,https://cdn.freesound.org/previews/417/417059_8176931-lq.mp3
female,https://cdn.freesound.org/previews/476/476663_8466114-lq.mp3
female,https://cdn.freesound.org/previews/218/218908_84709-lq.mp3
female,https://cdn.freesound.org/previews/152/152997_2771835-lq.mp3
female,https://cdn.freesound.org/previews/724/724211_2367139-lq.mp3
female,https://cdn.freesound.org/previews/472/472176_9634718-lq.mp3
female,https://cdn.freesound.org/previews/467/467972_8598233-lq.mp3
female,https://cdn.freesound.org/previews/467/467973_8598233-lq.mp3
female,https://cdn.freesound.org/previews/467/467974_8598233-lq.mp3
female,https://cdn.freesound.org/previews/468/468930_8598233-lq.mp3
female,https://cdn.freesound.org/previews/468/468931_8598233-lq.mp3
female,https://cdn.freesound.org/previews/468/468088_8598233-lq.mp3
female,https://cdn.freesound.org/previews/469/469080_9634718-lq.mp3
female,https://cdn.freesound.org/previews/435/435363_7919598-lq.mp3
female,https://cdn.freesound.org/previews/82/82410_1276308-lq.mp3
female,https://cdn.freesound.org/previews/441/441508_9018380-lq.mp3
female,https://cdn.freesound.org/previews/439/439497_6470379-lq.mp3
female,https://cdn.freesound.org/previews/437/437584_5351456-lq.mp3
female,https://cdn.freesound.org/previews/445/445503_8283064-lq.mp3
female,https://cdn.freesound.org/previews/445/445512_8283064-lq.mp3
female,https://cdn.freesound.org/previews/432/432736_5140792-lq.mp3
female,https://cdn.freesound.org/previews/432/432738_5140792-lq.mp3
female,https://cdn.freesound.org/previews/432/432739_5140792-lq.mp3
female,https://cdn.freesound.org/previews/432/432740_5140792-lq.mp3
female,https://cdn.freesound.org/previews/432/432741_5140792-lq.mp3
female,https://cdn.freesound.org/previews/432/432762_5140792-lq.mp3
female,https://cdn.freesound.org/previews/474/474824_10098945-lq.mp3
female,https://cdn.freesound.org/previews/377/377601_5828440-lq.mp3
female,https://cdn.freesound.org/previews/464/464622_7787874-lq.mp3
female,https://cdn.freesound.org/previews/464/464672_7358035-lq.mp3
female,https://cdn.freesound.org/previews/464/464673_7358035-lq.mp3
female,https://cdn.freesound.org/previews/464/464674_7358035-lq.mp3
female,https://cdn.freesound.org/previews/464/464675_7358035-lq.mp3
female,https://cdn.freesound.org/previews/669/669880_12064174-lq.mp3
female,https://cdn.freesound.org/previews/86/86214_14771-lq.mp3
female,https://cdn.freesound.org/previews/118/118104_2123345-lq.mp3
female,https://cdn.freesound.org/previews/365/365768_5020298-lq.mp3
female,https://cdn.freesound.org/previews/338/338267_5412363-lq.mp3
female,https://cdn.freesound.org/previews/341/341039_2833408-lq.mp3
female,https://cdn.freesound.org/previews/340/340286_5769530-lq.mp3
female,https://cdn.freesound.org/previews/249/249787_4564240-lq.mp3
female,https://cdn.freesound.org/previews/17/17117_137-lq.mp3
female,https://cdn.freesound.org/previews/654/654206_13723330-lq.mp3
female,https://cdn.freesound.org/previews/329/329649_305261-lq.mp3
female,https://cdn.freesound.org/previews/327/327994_5664965-lq.mp3
female,https://cdn.freesound.org/previews/327/327995_5664965-lq.mp3
female,https://cdn.freesound.org/previews/327/327996_5664965-lq.mp3
female,https://cdn.freesound.org/previews/327/327997_5664965-lq.mp3
female,https://cdn.freesound.org/previews/329/329072_5702398-lq.mp3
female,https://cdn.freesound.org/previews/328/328535_5691791-lq.mp3
female,https://cdn.freesound.org/previews/376/376999_6985281-lq.mp3
female,https://cdn.freesound.org/previews/377/377063_6985281-lq.mp3
female,https://cdn.freesound.org/previews/377/377066_6985281-lq.mp3
female,https://cdn.freesound.org/previews/377/377067_6985281-lq.mp3
female,https://cdn.freesound.org/previews/371/371119_5698011-lq.mp3
female,https://cdn.freesound.org/previews/346/346690_2104797-lq.mp3
female,https://cdn.freesound.org/previews/718/718346_13685159-lq.mp3
female,https://cdn.freesound.org/previews/381/381958_449332-lq.mp3
female,https://cdn.freesound.org/previews/354/354051_3297602-lq.mp3
female,https://cdn.freesound.org/previews/352/352353_2309965-lq.mp3
female,https://cdn.freesound.org/previews/360/360423_2340400-lq.mp3
female,https://cdn.freesound.org/previews/351/351611_6325950-lq.mp3
female,https://cdn.freesound.org/previews/351/351613_6325950-lq.mp3
female,https://cdn.freesound.org/previews/343/343390_5735740-lq.mp3
female,https://cdn.freesound.org/previews/389/389992_6987210-lq.mp3
female,https://cdn.freesound.org/previews/368/368842_6695178-lq.mp3
female,https://cdn.freesound.org/previews/405/405208_6616150-lq.mp3
female,https://cdn.freesound.org/previews/404/404966_612689-lq.mp3
female,https://cdn.freesound.org/previews/404/404980_612689-lq.mp3
female,https://cdn.freesound.org/previews/151/151213_140737-lq.mp3
female,https://cdn.freesound.org/previews/222/222625_925943-lq.mp3
female,https://cdn.freesound.org/previews/222/222686_1587259-lq.mp3
female,https://cdn.freesound.org/previews/222/222531_3554191-lq.mp3
female,https://cdn.freesound.org/previews/223/223848_3298571-lq.mp3
female,https://cdn.freesound.org/previews/219/219646_3554191-lq.mp3
female,https://cdn.freesound.org/previews/404/404383_7122733-lq.mp3
female,https://cdn.freesound.org/previews/264/264383_3543558-lq.mp3
female,https://cdn.freesound.org/previews/15/15441_36188-lq.mp3
female,https://cdn.freesound.org/previews/445/445293_8335964-lq.mp3
female,https://cdn.freesound.org/previews/245/245260_1676145-lq.mp3
female,https://cdn.freesound.org/previews/255/255822_4756180-lq.mp3
female,https://cdn.freesound.org/previews/255/255823_4756180-lq.mp3
female,https://cdn.freesound.org/previews/255/255824_4756180-lq.mp3
female,https://cdn.freesound.org/previews/255/255825_4756180-lq.mp3
female,https://cdn.freesound.org/previews/255/255877_4062622-lq.mp3
female,https://cdn.freesound.org/previews/249/249890_97763-lq.mp3
female,https://cdn.freesound.org/previews/249/249505_4564240-lq.mp3
female,https://cdn.freesound.org/previews/208/208893_2737063-lq.mp3
female,https://cdn.freesound.org/previews/203/203336_2027003-lq.mp3
female,https://cdn.freesound.org/previews/203/203337_2027003-lq.mp3
female,https://cdn.freesound.org/previews/407/407668_7117774-lq.mp3
female,https://cdn.freesound.org/previews/13/13262_24204-lq.mp3
female,https://cdn.freesound.org/previews/539/539202_10301153-lq.mp3
female,https://cdn.freesound.org/previews/539/539205_10301153-lq.mp3
female,https://cdn.freesound.org/previews/523/523986_11606638-lq.mp3
female,https://cdn.freesound.org/previews/523/523227_2282212-lq.mp3
female,https://cdn.freesound.org/previews/533/533514_11840249-lq.mp3
female,https://cdn.freesound.org/previews/532/532292_3123032-lq.mp3
female,https://cdn.freesound.org/previews/586/586448_10089976-lq.mp3
female,https://cdn.freesound.org/previews/586/586449_10089976-lq.mp3
female,https://cdn.freesound.org/previews/257/257487_3269487-lq.mp3
female,https://cdn.freesound.org/previews/467/467126_8323375-lq.mp3
female,https://cdn.freesound.org/previews/614/614067_3594951-lq.mp3
female,https://cdn.freesound.org/previews/570/570765_5252281-lq.mp3
female,https://cdn.freesound.org/previews/15/15288_33253-lq.mp3
female,https://cdn.freesound.org/previews/563/563705_5781159-lq.mp3
female,https://cdn.freesound.org/previews/408/408211_7122727-lq.mp3
female,https://cdn.freesound.org/previews/573/573921_10089976-lq.mp3
female,https://cdn.freesound.org/previews/573/573922_10089976-lq.mp3
female,https://cdn.freesound.org/previews/573/573923_10089976-lq.mp3
female,https://cdn.freesound.org/previews/573/573925_10089976-lq.mp3
female,https://cdn.freesound.org/previews/546/546055_12187251-lq.mp3
female,https://cdn.freesound.org/previews/546/546058_12187251-lq.mp3
female,https://cdn.freesound.org/previews/546/546061_12187251-lq.mp3
female,https://cdn.freesound.org/previews/546/546062_12187251-lq.mp3
female,https://cdn.freesound.org/previews/546/546065_12187251-lq.mp3
female,https://cdn.freesound.org/previews/543/543914_2185198-lq.mp3
female,https://cdn.freesound.org/previews/407/407459_7126410-lq.mp3
female,https://cdn.freesound.org/previews/613/613851_5781159-lq.mp3
female,https://cdn.freesound.org/previews/718/718345_13685159-lq.mp3
female,https://cdn.freesound.org/previews/625/625386_6616150-lq.mp3
female,https://cdn.freesound.org/previews/625/625387_6616150-lq.mp3
female,https://cdn.freesound.org/previews/625/625389_6616150-lq.mp3
female,https://cdn.freesound.org/previews/625/625391_6616150-lq.mp3
female,https://cdn.freesound.org/previews/625/625394_6616150-lq.mp3
female,https://cdn.freesound.org/previews/625/625395_6616150-lq.mp3
female,https://cdn.freesound.org/previews/625/625396_6616150-lq.mp3
female,https://cdn.freesound.org/previews/625/625399_6616150-lq.mp3
female,https://cdn.freesound.org/previews/352/352220_6325950-lq.mp3
female,https://cdn.freesound.org/previews/619/619179_2282212-lq.mp3
female,https://cdn.freesound.org/previews/628/628794_1690102-lq.mp3
female,https://cdn.freesound.org/previews/614/614419_11418394-lq.mp3
female,https://cdn.freesound.org/previews/614/614420_11418394-lq.mp3
female,https://cdn.freesound.org/previews/614/614812_2282212-lq.mp3
female,https://cdn.freesound.org/previews/434/434888_4042910-lq.mp3
female,https://cdn.freesound.org/previews/622/622233_2282212-lq.mp3
female,https://cdn.freesound.org/previews/620/620600_2282212-lq.mp3
female,https://cdn.freesound.org/previews/419/419344_8176931-lq.mp3
female,https://cdn.freesound.org/previews/614/614546_2282212-lq.mp3
female,https://cdn.freesound.org/previews/445/445299_8335964-lq.mp3
female,https://cdn.freesound.org/previews/542/542094_8831314-lq.mp3
female,https://cdn.freesound.org/previews/102/102839_8043-lq.mp3
female,https://cdn.freesound.org/previews/368/368841_6695178-lq.mp3
female,https://cdn.freesound.org/previews/445/445294_8335964-lq.mp3
female,https://cdn.freesound.org/previews/95/95118_1015240-lq.mp3
female,https://cdn.freesound.org/previews/710/710369_11586814-lq.mp3
female,https://cdn.freesound.org/previews/408/408138_1015240-lq.mp3
female,https://cdn.freesound.org/previews/151/151215_140737-lq.mp3
female,https://cdn.freesound.org/previews/219/219149_3871816-lq.mp3
female,https://cdn.freesound.org/previews/535/535257_1490848-lq.mp3
female,https://cdn.freesound.org/previews/742/742280_5781159-lq.mp3
female,https://cdn.freesound.org/previews/439/439559_9018380-lq.mp3
female,https://cdn.freesound.org/previews/624/624177_13509537-lq.mp3
female,https://cdn.freesound.org/previews/482/482814_2524442-lq.mp3
female,https://cdn.freesound.org/previews/407/407360_7113943-lq.mp3
female,https://cdn.freesound.org/previews/408/408214_7122727-lq.mp3
female,https://cdn.freesound.org/previews/95/95567_1378868-lq.mp3
female,https://cdn.freesound.org/previews/657/657924_9034501-lq.mp3
female,https://cdn.freesound.org/previews/408/408421_7122727-lq.mp3
female,https://cdn.freesound.org/previews/337/337792_5994209-lq.mp3
female,https://cdn.freesound.org/previews/408/408717_7113941-lq.mp3
female,https://cdn.freesound.org/previews/556/556651_12165774-lq.mp3
female,https://cdn.freesound.org/previews/73/73145_1062601-lq.mp3
female,https://cdn.freesound.org/previews/670/670068_5781159-lq.mp3
female,https://cdn.freesound.org/previews/645/645479_12449013-lq.mp3
female,https://cdn.freesound.org/previews/468/468419_8598233-lq.mp3
female,https://cdn.freesound.org/previews/442/442634_3442171-lq.mp3
female,https://cdn.freesound.org/previews/760/760656_11742176-lq.mp3
female,https://cdn.freesound.org/previews/752/752228_15652019-lq.mp3
female,https://cdn.freesound.org/previews/639/639861_1690102-lq.mp3
female,https://cdn.freesound.org/previews/394/394610_2631614-lq.mp3
female,https://cdn.freesound.org/previews/719/719167_12068263-lq.mp3
female,https://cdn.freesound.org/previews/610/610923_13509537-lq.mp3
female,https://cdn.freesound.org/previews/610/610526_13509537-lq.mp3
female,https://cdn.freesound.org/previews/610/610527_13509537-lq.mp3
female,https://cdn.freesound.org/previews/610/610529_13509537-lq.mp3
female,https://cdn.freesound.org/previews/609/609957_13509537-lq.mp3
female,https://cdn.freesound.org/previews/610/610048_13509537-lq.mp3
female,https://cdn.freesound.org/previews/625/625322_13567167-lq.mp3
female,https://cdn.freesound.org/previews/366/366580_6039363-lq.mp3
female,https://cdn.freesound.org/previews/246/246353_97763-lq.mp3
female,https://cdn.freesound.org/previews/113/113554_1015240-lq.mp3
female,https://cdn.freesound.org/previews/151/151205_607519-lq.mp3
female,https://cdn.freesound.org/previews/755/755462_14913888-lq.mp3
female,https://cdn.freesound.org/previews/621/621128_13348427-lq.mp3
female,https://cdn.freesound.org/previews/666/666090_14580240-lq.mp3
female,https://cdn.freesound.org/previews/595/595703_13348427-lq.mp3
female,https://cdn.freesound.org/previews/651/651778_4682888-lq.mp3
female,https://cdn.freesound.org/previews/750/750942_8666001-lq.mp3
female,https://cdn.freesound.org/previews/320/320627_52391-lq.mp3
female,https://cdn.freesound.org/previews/328/328996_4698815-lq.mp3
female,https://cdn.freesound.org/previews/723/723598_15636637-lq.mp3
female,https://cdn.freesound.org/previews/377/377594_5828440-lq.mp3
female,https://cdn.freesound.org/previews/38/38201_75486-lq.mp3
female,https://cdn.freesound.org/previews/115/115065_988961-lq.mp3
female,https://cdn.freesound.org/previews/81/81197_988961-lq.mp3
female,https://cdn.freesound.org/previews/182/182465_3396866-lq.mp3
female,https://cdn.freesound.org/previews/83/83912_1015240-lq.mp3
female,https://cdn.freesound.org/previews/328/328994_4698815-lq.mp3
female,https://cdn.freesound.org/previews/331/331330_5683786-lq.mp3
female,https://cdn.freesound.org/previews/158/158618_450294-lq.mp3
female,https://cdn.freesound.org/previews/407/407676_7117774-lq.mp3
female,https://cdn.freesound.org/previews/95/95874_1601243-lq.mp3
female,https://cdn.freesound.org/previews/341/341546_717697-lq.mp3
female,https://cdn.freesound.org/previews/546/546780_12187251-lq.mp3
female,https://cdn.freesound.org/previews/407/407674_7117774-lq.mp3
female,https://cdn.freesound.org/previews/90/90041_988961-lq.mp3
female,https://cdn.freesound.org/previews/329/329841_5645820-lq.mp3
female,https://cdn.freesound.org/previews/222/222891_3162775-lq.mp3
female,https://cdn.freesound.org/previews/164/164230_988961-lq.mp3
female,https://cdn.freesound.org/previews/653/653577_14376505-lq.mp3
female,https://cdn.freesound.org/previews/366/366579_6039363-lq.mp3
female,https://cdn.freesound.org/previews/387/387335_2602571-lq.mp3
female,https://cdn.freesound.org/previews/98/98016_1015240-lq.mp3
female,https://cdn.freesound.org/previews/735/735621_15972318-lq.mp3
female,https://cdn.freesound.org/previews/179/179153_3162775-lq.mp3
female,https://cdn.freesound.org/previews/360/360617_321967-lq.mp3
female,https://cdn.freesound.org/previews/697/697446_14183504-lq.mp3
female,https://cdn.freesound.org/previews/407/407635_7113936-lq.mp3
female,https://cdn.freesound.org/previews/69/69877_321967-lq.mp3
female,https://cdn.freesound.org/previews/684/684110_12111036-lq.mp3
female,https://cdn.freesound.org/previews/666/666561_12439746-lq.mp3
female,https://cdn.freesound.org/previews/259/259296_4819188-lq.mp3
female,https://cdn.freesound.org/previews/559/559341_12545638-lq.mp3
female,https://cdn.freesound.org/previews/98/98015_1015240-lq.mp3
female,https://cdn.freesound.org/previews/742/742696_16120204-lq.mp3
female,https://cdn.freesound.org/previews/778/778256_16724042-lq.mp3
female,https://cdn.freesound.org/previews/778/778258_16724042-lq.mp3
female,https://cdn.freesound.org/previews/778/778259_16724042-lq.mp3
female,https://cdn.freesound.org/previews/778/778261_16724042-lq.mp3
female,https://cdn.freesound.org/previews/778/778262_16724042-lq.mp3
female,https://cdn.freesound.org/previews/778/778263_16724042-lq.mp3
female,https://cdn.freesound.org/previews/778/778264_16724042-lq.mp3
female,https://cdn.freesound.org/previews/778/778265_16724042-lq.mp3
female,https://cdn.freesound.org/previews/778/778266_16724042-lq.mp3
female,https://cdn.freesound.org/previews/778/778267_16724042-lq.mp3
female,https://cdn.freesound.org/previews/778/778268_16724042-lq.mp3
female,https://cdn.freesound.org/previews/778/778269_16724042-lq.mp3
female,https://cdn.freesound.org/previews/778/778270_16724042-lq.mp3
female,https://cdn.freesound.org/previews/778/778271_16724042-lq.mp3
female,https://cdn.freesound.org/previews/778/778272_16724042-lq.mp3
female,https://cdn.freesound.org/previews/778/778296_16724042-lq.mp3
female,https://cdn.freesound.org/previews/778/778297_16724042-lq.mp3
female,https://cdn.freesound.org/previews/778/778299_16724042-lq.mp3
female,https://cdn.freesound.org/previews/778/778300_16724042-lq.mp3
female,https://cdn.freesound.org/previews/778/778302_16724042-lq.mp3
female,https://cdn.freesound.org/previews/778/778304_16724042-lq.mp3
female,https://cdn.freesound.org/previews/778/778306_16724042-lq.mp3
female,https://cdn.freesound.org/previews/778/778313_16724042-lq.mp3
female,https://cdn.freesound.org/previews/351/351801_6482582-lq.mp3
female,https://cdn.freesound.org/previews/778/778257_16724042-lq.mp3
female,https://cdn.freesound.org/previews/778/778305_16724042-lq.mp3
female,https://cdn.freesound.org/previews/778/778307_16724042-lq.mp3
female,https://cdn.freesound.org/previews/639/639835_9047165-lq.mp3
female,https://cdn.freesound.org/previews/769/769555_8949646-lq.mp3
female,https://cdn.freesound.org/previews/778/778298_16724042-lq.mp3
female,https://cdn.freesound.org/previews/656/656889_14419608-lq.mp3
female,https://cdn.freesound.org/previews/778/778309_16724042-lq.mp3
female,https://cdn.freesound.org/previews/769/769554_8949646-lq.mp3
female,https://cdn.freesound.org/previews/719/719108_11244040-lq.mp3
female,https://cdn.freesound.org/previews/778/778310_16724042-lq.mp3
female,https://cdn.freesound.org/previews/196/196818_3597275-lq.mp3
female,https://cdn.freesound.org/previews/778/778274_16724042-lq.mp3
female,https://cdn.freesound.org/previews/778/778312_16724042-lq.mp3
female,https://cdn.freesound.org/previews/546/546781_12187251-lq.mp3
female,https://cdn.freesound.org/previews/778/778260_16724042-lq.mp3
female,https://cdn.freesound.org/previews/778/778255_16724042-lq.mp3
female,https://cdn.freesound.org/previews/408/408207_7122727-lq.mp3
female,https://cdn.freesound.org/previews/778/778273_16724042-lq.mp3
female,https://cdn.freesound.org/previews/778/778308_16724042-lq.mp3
female,https://cdn.freesound.org/previews/28/28455_7037-lq.mp3
female,https://cdn.freesound.org/previews/18/18022_48671-lq.mp3
female,https://cdn.freesound.org/previews/14/14523_37253-lq.mp3
female,https://cdn.freesound.org/previews/11/11683_2-lq.mp3
female,https://cdn.freesound.org/previews/0/785_496-lq.mp3
female,https://cdn.freesound.org/previews/4/4155_4948-lq.mp3
female,https://cdn.freesound.org/previews/33/33699_8043-lq.mp3
female,https://cdn.freesound.org/previews/41/41900_4948-lq.mp3
female,https://cdn.freesound.org/previews/17/17181_36188-lq.mp3
female,https://cdn.freesound.org/previews/18/18688_36298-lq.mp3
female,https://cdn.freesound.org/previews/20/20011_91556-lq.mp3
female,https://cdn.freesound.org/previews/23/23251_42670-lq.mp3
female,https://cdn.freesound.org/previews/23/23997_156343-lq.mp3
female,https://cdn.freesound.org/previews/19/19695_600-lq.mp3
female,https://cdn.freesound.org/previews/19/19727_600-lq.mp3
female,https://cdn.freesound.org/previews/39/39930_8043-lq.mp3
female,https://cdn.freesound.org/previews/35/35206_338908-lq.mp3
female,https://cdn.freesound.org/previews/7/7805_96-lq.mp3
female,https://cdn.freesound.org/previews/729/729317_15834836-lq.mp3
female,https://cdn.freesound.org/previews/60/60611_8043-lq.mp3
female,https://cdn.freesound.org/previews/71/71465_4948-lq.mp3
female,https://cdn.freesound.org/previews/61/61519_8043-lq.mp3
female,https://cdn.freesound.org/previews/407/407518_7126410-lq.mp3
female,https://cdn.freesound.org/previews/62/62402_791247-lq.mp3
female,https://cdn.freesound.org/previews/61/61939_4948-lq.mp3
female,https://cdn.freesound.org/previews/54/54365_444-lq.mp3
female,https://cdn.freesound.org/previews/54/54366_444-lq.mp3
female,https://cdn.freesound.org/previews/377/377596_5828440-lq.mp3
female,https://cdn.freesound.org/previews/58/58174_8043-lq.mp3
female,https://cdn.freesound.org/previews/56/56095_7037-lq.mp3
female,https://cdn.freesound.org/previews/50/50383_556708-lq.mp3
female,https://cdn.freesound.org/previews/38/38645_29541-lq.mp3
female,https://cdn.freesound.org/previews/667/667409_11605155-lq.mp3
female,https://cdn.freesound.org/previews/42/42989_4948-lq.mp3
female,https://cdn.freesound.org/previews/46/46869_527505-lq.mp3
female,https://cdn.freesound.org/previews/45/45398_362645-lq.mp3
female,https://cdn.freesound.org/previews/46/46617_7813-lq.mp3
female,https://cdn.freesound.org/previews/33/33475_199517-lq.mp3
female,https://cdn.freesound.org/previews/31/31748_29541-lq.mp3
female,https://cdn.freesound.org/previews/32/32169_92661-lq.mp3
female,https://cdn.freesound.org/previews/724/724609_15681484-lq.mp3
female,https://cdn.freesound.org/previews/65/65370_29541-lq.mp3
female,https://cdn.freesound.org/previews/77/77022_289999-lq.mp3
female,https://cdn.freesound.org/previews/78/78494_8043-lq.mp3
female,https://cdn.freesound.org/previews/78/78537_1218676-lq.mp3
female,https://cdn.freesound.org/previews/76/76599_1172438-lq.mp3
female,https://cdn.freesound.org/previews/106/106432_7037-lq.mp3
female,https://cdn.freesound.org/previews/188/188363_3500514-lq.mp3
female,https://cdn.freesound.org/previews/189/189357_8043-lq.mp3
female,https://cdn.freesound.org/previews/107/107731_1390811-lq.mp3
female,https://cdn.freesound.org/previews/185/185432_7037-lq.mp3
female,https://cdn.freesound.org/previews/185/185136_8043-lq.mp3
female,https://cdn.freesound.org/previews/186/186599_770707-lq.mp3
female,https://cdn.freesound.org/previews/174/174371_7037-lq.mp3
female,https://cdn.freesound.org/previews/147/147246_937379-lq.mp3
female,https://cdn.freesound.org/previews/146/146830_2548635-lq.mp3
female,https://cdn.freesound.org/previews/149/149492_2682462-lq.mp3
female,https://cdn.freesound.org/previews/151/151207_140737-lq.mp3
female,https://cdn.freesound.org/previews/143/143251_2580450-lq.mp3
female,https://cdn.freesound.org/previews/86/86392_1390811-lq.mp3
female,https://cdn.freesound.org/previews/86/86684_1390811-lq.mp3
female,https://cdn.freesound.org/previews/148/148351_2548635-lq.mp3
female,https://cdn.freesound.org/previews/157/157407_33044-lq.mp3
female,https://cdn.freesound.org/previews/167/167433_2878551-lq.mp3
female,https://cdn.freesound.org/previews/162/162043_43-lq.mp3
female,https://cdn.freesound.org/previews/162/162819_2409224-lq.mp3
female,https://cdn.freesound.org/previews/131/131264_1065731-lq.mp3
female,https://cdn.freesound.org/previews/136/136275_988961-lq.mp3
female,https://cdn.freesound.org/previews/128/128471_2326998-lq.mp3
female,https://cdn.freesound.org/previews/126/126345_1634675-lq.mp3
female,https://cdn.freesound.org/previews/132/132991_8043-lq.mp3
female,https://cdn.freesound.org/previews/778/778301_16724042-lq.mp3
female,https://cdn.freesound.org/previews/180/180622_3345762-lq.mp3
female,https://cdn.freesound.org/previews/171/171310_3078751-lq.mp3
female,https://cdn.freesound.org/previews/9/9323_22734-lq.mp3
female,https://cdn.freesound.org/previews/174/174368_7037-lq.mp3
female,https://cdn.freesound.org/previews/174/174369_7037-lq.mp3
female,https://cdn.freesound.org/previews/174/174370_7037-lq.mp3
female,https://cdn.freesound.org/previews/174/174372_7037-lq.mp3
female,https://cdn.freesound.org/previews/174/174373_7037-lq.mp3
female,https://cdn.freesound.org/previews/174/174374_7037-lq.mp3
female,https://cdn.freesound.org/previews/168/168953_1956076-lq.mp3
female,https://cdn.freesound.org/previews/86/86111_8043-lq.mp3
female,https://cdn.freesound.org/previews/778/778314_16724042-lq.mp3
